{
  "class_stats": [
    {
      "label": "absent",
      "count": 23531,
      "mean": [
        63.05573238908069,
        74.01900654962473,
        51.200980985770286,
        210.19227749652927,
        1.5640771747907556,
        4.985933449492159,
        13.494496621478051,
        9.432226459209602,
        5.629339858593988,
        -0.8084963623427572,
        -0.6712658809591694,
        6.090730935244189,
        0.8745164150208075,
        15.866621787378666,
        15.866621787378666
      ],
      "stddev": [
        110.10023110769106,
        153.51503422695168,
        67.74724818754983,
        263.79404582156013,
        1.4914289060197188,
        3.5295720295791777,
        3.693485584358832,
        2.0778259585403958,
        1.3773629877214009,
        0.5233597806460609,
        0.5944271247686039,
        4.728754487810586,
        0.18499884590666965,
        3.7888139281865842,
        3.7888139281865842
      ]
    },
    {
      "label": "present_still",
      "count": 6031,
      "mean": [
        56.33067760447955,
        64.36722362480772,
        47.91194147312971,
        201.2936550910573,
        1.3719781130824154,
        5.214889736362129,
        13.870999834190018,
        9.579822554737206,
        5.476586624319429,
        -0.9211926754641176,
        -0.5158234498185479,
        4.926844618171898,
        0.8827931118618837,
        15.692971732880382,
        15.692971732880382
      ],
      "stddev": [
        101.95562341783098,
        139.2385322900438,
        65.32517526671286,
        251.91893280660824,
        1.4522607891217092,
        3.6284836182458378,
        3.9140500009854087,
        2.074551272705672,
        1.2770443115957482,
        0.472188039493957,
        0.6720277858587838,
        3.5530456043011758,
        0.18516598596525494,
        3.945186508809552,
        3.945186508809552
      ]
    },
    {
      "label": "present_moving",
      "count": 5852,
      "mean": [
        62.75775613462094,
        73.57259545742788,
        51.42198751087581,
        212.14457842048304,
        1.495685235816806,
        5.274436090225564,
        13.87218045112782,
        9.511625334495072,
        5.618860837905373,
        -0.7942726817986379,
        -0.6308187545694499,
        5.8491214996861665,
        0.8756673691385835,
        16.194317728420504,
        16.194317728420504
      ],
      "stddev": [
        109.7256926742526,
        151.94421871755085,
        68.37772759364415,
        266.6084720164235,
        1.4438253019071443,
        3.9065304447867057,
        3.914595586850028,
        2.095631936051119,
        1.3354964554658955,
        0.5269424370747506,
        0.5183804523183626,
        3.9941389693551557,
        0.18423347176339047,
        4.150910864795748,
        4.150910864795748
      ]
    },
    {
      "label": "active",
      "count": 7100,
      "mean": [
        55.725741618516054,
        63.90822203386969,
        47.40822757567868,
        200.3147997359155,
        1.45508450704224,
        5.092112676056338,
        5.964084507042253,
        9.599457945912494,
        5.472069475171912,
        -0.9069384591059977,
        -0.5491592110311189,
        5.079140317199155,
        0.8831852861435233,
        15.709154562498101,
        15.709154562498101
      ],
      "stddev": [
        102.16294795796182,
        139.6940774768845,
        65.40464294949689,
        252.19782405178077,
        1.330421750841464,
        3.8465231842564545,
        1.7893992047570957,
        2.0826516460939395,
        1.2549232523302514,
        0.40734599219018686,
        0.42640418403075897,
        3.2839384774198335,
        0.18528126803780126,
        3.6354376068799406,
        3.6354376068799406
      ]
    }
  ],
  "weights": [
    [
      1.0552246816922262,
      -0.5662975465820123,
      -0.7947071343899078,
      0.3270244812670362,
      0.031126662806029225,
      0.024284205163870795,
      4.0215191307042915,
      -1.8747943832157392,
      1.675726460716953,
      -1.1327318948994525,
      -0.34698064476748747,
      -0.16338886981713518,
      -1.3951705770476956,
      -0.15027491550444433,
      -0.15027491550444433,
      4.619948661778258
    ],
    [
      -0.32552010399030545,
      -0.10442933379248624,
      0.5830715189982996,
      -0.18045421300968723,
      -0.00641158460647569,
      0.059194470931949794,
      4.330934721315395,
      1.1724799914175634,
      -1.1230730051065756,
      0.9734466323490572,
      0.18857167355015136,
      -0.20008592948561302,
      -1.0885441974797212,
      -0.21885727254900578,
      -0.21885727254900578,
      3.1509501885733133
    ],
    [
      -0.7415033409298998,
      0.5878267870228113,
      -0.12209229909648653,
      0.33352568974281205,
      -0.028653294383345077,
      0.16107735378867322,
      4.503916545212398,
      1.5686311798674093,
      -1.0900751742553871,
      1.5552059990350429,
      0.0353657323771681,
      -0.4683318131076046,
      -1.319879008594763,
      -0.2563298064419143,
      -0.2563298064419143,
      3.070789460364861
    ],
    [
      0.011798763227994249,
      0.08290009335168327,
      0.33372791448809563,
      -0.4800959580001636,
      0.0039382161837883825,
      -0.24455602988449734,
      -12.856370397232103,
      -0.8663167880692192,
      0.5374217186450424,
      -1.3959207364847093,
      0.12304323884016179,
      0.8318066124103269,
      3.803593783122107,
      0.6254619944953383,
      0.6254619944953383,
      -10.841688310715917
    ]
  ],
  "global_mean": [
    60.83656936235914,
    70.89982532478246,
    50.131417634227674,
    207.54908187106986,
    1.5092099073248983,
    5.075857364632827,
    12.342287246554076,
    9.492021769598852,
    5.579963236604136,
    -0.8389656988650723,
    -0.6232551729022757,
    5.723426278348364,
    0.8772967021525045,
    15.860797255968704,
    15.860797255968704
  ],
  "global_std": [
    107.67929506617877,
    149.17014993504702,
    67.13037995281292,
    260.66415055570735,
    1.4552479304367394,
    3.6533932592840697,
    4.53325316407564,
    2.081842179101022,
    1.3397435604888428,
    0.5016810935193442,
    0.5751777723620927,
    4.289591462060453,
    0.18500441881727903,
    3.8412764670497332,
    3.8412764670497332
  ],
  "trained_frames": 42514,
  "training_accuracy": 0.7131062708754763,
  "version": 1
}